[
    {
        "fields": {
            "name": "Andorra"
        },
        "model": "jobtrak_core.country",
        "pk": "AD"
    },
    {
        "fields": {
            "name": "United Arab Emirates, The"
        },
        "model": "jobtrak_core.country",
        "pk": "AE"
    },
    {
        "fields": {
            "name": "Afghanistan"
        },
        "model": "jobtrak_core.country",
        "pk": "AF"
    },
    {
        "fields": {
            "name": "Antigua and Barbuda"
        },
        "model": "jobtrak_core.country",
        "pk": "AG"
    },
    {
        "fields": {
            "name": "Anguilla"
        },
        "model": "jobtrak_core.country",
        "pk": "AI"
    },
    {
        "fields": {
            "name": "Albania"
        },
        "model": "jobtrak_core.country",
        "pk": "AL"
    },
    {
        "fields": {
            "name": "Armenia"
        },
        "model": "jobtrak_core.country",
        "pk": "AM"
    },
    {
        "fields": {
            "name": "Angola"
        },
        "model": "jobtrak_core.country",
        "pk": "AO"
    },
    {
        "fields": {
            "name": "Antarctica"
        },
        "model": "jobtrak_core.country",
        "pk": "AQ"
    },
    {
        "fields": {
            "name": "Argentina"
        },
        "model": "jobtrak_core.country",
        "pk": "AR"
    },
    {
        "fields": {
            "name": "American Samoa"
        },
        "model": "jobtrak_core.country",
        "pk": "AS"
    },
    {
        "fields": {
            "name": "Austria"
        },
        "model": "jobtrak_core.country",
        "pk": "AT"
    },
    {
        "fields": {
            "name": "Australia"
        },
        "model": "jobtrak_core.country",
        "pk": "AU"
    },
    {
        "fields": {
            "name": "Aruba"
        },
        "model": "jobtrak_core.country",
        "pk": "AW"
    },
    {
        "fields": {
            "name": "\u00c5land Islands"
        },
        "model": "jobtrak_core.country",
        "pk": "AX"
    },
    {
        "fields": {
            "name": "Azerbaijan"
        },
        "model": "jobtrak_core.country",
        "pk": "AZ"
    },
    {
        "fields": {
            "name": "Bosnia and Herzegovina"
        },
        "model": "jobtrak_core.country",
        "pk": "BA"
    },
    {
        "fields": {
            "name": "Barbados"
        },
        "model": "jobtrak_core.country",
        "pk": "BB"
    },
    {
        "fields": {
            "name": "Bangladesh"
        },
        "model": "jobtrak_core.country",
        "pk": "BD"
    },
    {
        "fields": {
            "name": "Belgium"
        },
        "model": "jobtrak_core.country",
        "pk": "BE"
    },
    {
        "fields": {
            "name": "Burkina Faso"
        },
        "model": "jobtrak_core.country",
        "pk": "BF"
    },
    {
        "fields": {
            "name": "Bulgaria"
        },
        "model": "jobtrak_core.country",
        "pk": "BG"
    },
    {
        "fields": {
            "name": "Bahrain"
        },
        "model": "jobtrak_core.country",
        "pk": "BH"
    },
    {
        "fields": {
            "name": "Burundi"
        },
        "model": "jobtrak_core.country",
        "pk": "BI"
    },
    {
        "fields": {
            "name": "Benin"
        },
        "model": "jobtrak_core.country",
        "pk": "BJ"
    },
    {
        "fields": {
            "name": "Saint Barth\u00e9lemy"
        },
        "model": "jobtrak_core.country",
        "pk": "BL"
    },
    {
        "fields": {
            "name": "Bermuda"
        },
        "model": "jobtrak_core.country",
        "pk": "BM"
    },
    {
        "fields": {
            "name": "Brunei Darussalam"
        },
        "model": "jobtrak_core.country",
        "pk": "BN"
    },
    {
        "fields": {
            "name": "Bolivia (Plurinational State of)"
        },
        "model": "jobtrak_core.country",
        "pk": "BO"
    },
    {
        "fields": {
            "name": "Bonaire, Sint Eustatius and Saba"
        },
        "model": "jobtrak_core.country",
        "pk": "BQ"
    },
    {
        "fields": {
            "name": "Brazil"
        },
        "model": "jobtrak_core.country",
        "pk": "BR"
    },
    {
        "fields": {
            "name": "Bahamas, The"
        },
        "model": "jobtrak_core.country",
        "pk": "BS"
    },
    {
        "fields": {
            "name": "Bhutan"
        },
        "model": "jobtrak_core.country",
        "pk": "BT"
    },
    {
        "fields": {
            "name": "Bouvet Island"
        },
        "model": "jobtrak_core.country",
        "pk": "BV"
    },
    {
        "fields": {
            "name": "Botswana"
        },
        "model": "jobtrak_core.country",
        "pk": "BW"
    },
    {
        "fields": {
            "name": "Belarus"
        },
        "model": "jobtrak_core.country",
        "pk": "BY"
    },
    {
        "fields": {
            "name": "Belize"
        },
        "model": "jobtrak_core.country",
        "pk": "BZ"
    },
    {
        "fields": {
            "name": "Canada"
        },
        "model": "jobtrak_core.country",
        "pk": "CA"
    },
    {
        "fields": {
            "name": "Cocos (Keeling) Islands, The"
        },
        "model": "jobtrak_core.country",
        "pk": "CC"
    },
    {
        "fields": {
            "name": "Congo (the Democratic Republic of the)"
        },
        "model": "jobtrak_core.country",
        "pk": "CD"
    },
    {
        "fields": {
            "name": "Central African Republic, The"
        },
        "model": "jobtrak_core.country",
        "pk": "CF"
    },
    {
        "fields": {
            "name": "Congo, The"
        },
        "model": "jobtrak_core.country",
        "pk": "CG"
    },
    {
        "fields": {
            "name": "Switzerland"
        },
        "model": "jobtrak_core.country",
        "pk": "CH"
    },
    {
        "fields": {
            "name": "C\u00f4te d'Ivoire"
        },
        "model": "jobtrak_core.country",
        "pk": "CI"
    },
    {
        "fields": {
            "name": "Cook Islands, The"
        },
        "model": "jobtrak_core.country",
        "pk": "CK"
    },
    {
        "fields": {
            "name": "Chile"
        },
        "model": "jobtrak_core.country",
        "pk": "CL"
    },
    {
        "fields": {
            "name": "Cameroon"
        },
        "model": "jobtrak_core.country",
        "pk": "CM"
    },
    {
        "fields": {
            "name": "China"
        },
        "model": "jobtrak_core.country",
        "pk": "CN"
    },
    {
        "fields": {
            "name": "Colombia"
        },
        "model": "jobtrak_core.country",
        "pk": "CO"
    },
    {
        "fields": {
            "name": "Costa Rica"
        },
        "model": "jobtrak_core.country",
        "pk": "CR"
    },
    {
        "fields": {
            "name": "Cuba"
        },
        "model": "jobtrak_core.country",
        "pk": "CU"
    },
    {
        "fields": {
            "name": "Cabo Verde"
        },
        "model": "jobtrak_core.country",
        "pk": "CV"
    },
    {
        "fields": {
            "name": "Cura\u00e7ao"
        },
        "model": "jobtrak_core.country",
        "pk": "CW"
    },
    {
        "fields": {
            "name": "Christmas Island"
        },
        "model": "jobtrak_core.country",
        "pk": "CX"
    },
    {
        "fields": {
            "name": "Cyprus"
        },
        "model": "jobtrak_core.country",
        "pk": "CY"
    },
    {
        "fields": {
            "name": "Czech Republic, The"
        },
        "model": "jobtrak_core.country",
        "pk": "CZ"
    },
    {
        "fields": {
            "name": "Germany"
        },
        "model": "jobtrak_core.country",
        "pk": "DE"
    },
    {
        "fields": {
            "name": "Djibouti"
        },
        "model": "jobtrak_core.country",
        "pk": "DJ"
    },
    {
        "fields": {
            "name": "Denmark"
        },
        "model": "jobtrak_core.country",
        "pk": "DK"
    },
    {
        "fields": {
            "name": "Dominica"
        },
        "model": "jobtrak_core.country",
        "pk": "DM"
    },
    {
        "fields": {
            "name": "Dominican Republic, The"
        },
        "model": "jobtrak_core.country",
        "pk": "DO"
    },
    {
        "fields": {
            "name": "Algeria"
        },
        "model": "jobtrak_core.country",
        "pk": "DZ"
    },
    {
        "fields": {
            "name": "Ecuador"
        },
        "model": "jobtrak_core.country",
        "pk": "EC"
    },
    {
        "fields": {
            "name": "Estonia"
        },
        "model": "jobtrak_core.country",
        "pk": "EE"
    },
    {
        "fields": {
            "name": "Egypt"
        },
        "model": "jobtrak_core.country",
        "pk": "EG"
    },
    {
        "fields": {
            "name": "Western Sahara*"
        },
        "model": "jobtrak_core.country",
        "pk": "EH"
    },
    {
        "fields": {
            "name": "Eritrea"
        },
        "model": "jobtrak_core.country",
        "pk": "ER"
    },
    {
        "fields": {
            "name": "Spain"
        },
        "model": "jobtrak_core.country",
        "pk": "ES"
    },
    {
        "fields": {
            "name": "Ethiopia"
        },
        "model": "jobtrak_core.country",
        "pk": "ET"
    },
    {
        "fields": {
            "name": "Finland"
        },
        "model": "jobtrak_core.country",
        "pk": "FI"
    },
    {
        "fields": {
            "name": "Fiji"
        },
        "model": "jobtrak_core.country",
        "pk": "FJ"
    },
    {
        "fields": {
            "name": "Falkland Islands, The [Malvinas]"
        },
        "model": "jobtrak_core.country",
        "pk": "FK"
    },
    {
        "fields": {
            "name": "Micronesia (Federated States of)"
        },
        "model": "jobtrak_core.country",
        "pk": "FM"
    },
    {
        "fields": {
            "name": "Faroe Islands, The"
        },
        "model": "jobtrak_core.country",
        "pk": "FO"
    },
    {
        "fields": {
            "name": "France"
        },
        "model": "jobtrak_core.country",
        "pk": "FR"
    },
    {
        "fields": {
            "name": "Gabon"
        },
        "model": "jobtrak_core.country",
        "pk": "GA"
    },
    {
        "fields": {
            "name": "United Kingdom"
        },
        "model": "jobtrak_core.country",
        "pk": "GB"
    },
    {
        "fields": {
            "name": "Grenada"
        },
        "model": "jobtrak_core.country",
        "pk": "GD"
    },
    {
        "fields": {
            "name": "Georgia"
        },
        "model": "jobtrak_core.country",
        "pk": "GE"
    },
    {
        "fields": {
            "name": "French Guiana"
        },
        "model": "jobtrak_core.country",
        "pk": "GF"
    },
    {
        "fields": {
            "name": "Guernsey"
        },
        "model": "jobtrak_core.country",
        "pk": "GG"
    },
    {
        "fields": {
            "name": "Ghana"
        },
        "model": "jobtrak_core.country",
        "pk": "GH"
    },
    {
        "fields": {
            "name": "Gibraltar"
        },
        "model": "jobtrak_core.country",
        "pk": "GI"
    },
    {
        "fields": {
            "name": "Greenland"
        },
        "model": "jobtrak_core.country",
        "pk": "GL"
    },
    {
        "fields": {
            "name": "Gambia, The"
        },
        "model": "jobtrak_core.country",
        "pk": "GM"
    },
    {
        "fields": {
            "name": "Guinea"
        },
        "model": "jobtrak_core.country",
        "pk": "GN"
    },
    {
        "fields": {
            "name": "Guadeloupe"
        },
        "model": "jobtrak_core.country",
        "pk": "GP"
    },
    {
        "fields": {
            "name": "Equatorial Guinea"
        },
        "model": "jobtrak_core.country",
        "pk": "GQ"
    },
    {
        "fields": {
            "name": "Greece"
        },
        "model": "jobtrak_core.country",
        "pk": "GR"
    },
    {
        "fields": {
            "name": "South Georgia and the South Sandwich Islands"
        },
        "model": "jobtrak_core.country",
        "pk": "GS"
    },
    {
        "fields": {
            "name": "Guatemala"
        },
        "model": "jobtrak_core.country",
        "pk": "GT"
    },
    {
        "fields": {
            "name": "Guam"
        },
        "model": "jobtrak_core.country",
        "pk": "GU"
    },
    {
        "fields": {
            "name": "Guinea-Bissau"
        },
        "model": "jobtrak_core.country",
        "pk": "GW"
    },
    {
        "fields": {
            "name": "Guyana"
        },
        "model": "jobtrak_core.country",
        "pk": "GY"
    },
    {
        "fields": {
            "name": "Hong Kong"
        },
        "model": "jobtrak_core.country",
        "pk": "HK"
    },
    {
        "fields": {
            "name": "Heard Island and McDonald Islands"
        },
        "model": "jobtrak_core.country",
        "pk": "HM"
    },
    {
        "fields": {
            "name": "Honduras"
        },
        "model": "jobtrak_core.country",
        "pk": "HN"
    },
    {
        "fields": {
            "name": "Croatia"
        },
        "model": "jobtrak_core.country",
        "pk": "HR"
    },
    {
        "fields": {
            "name": "Haiti"
        },
        "model": "jobtrak_core.country",
        "pk": "HT"
    },
    {
        "fields": {
            "name": "Hungary"
        },
        "model": "jobtrak_core.country",
        "pk": "HU"
    },
    {
        "fields": {
            "name": "Indonesia"
        },
        "model": "jobtrak_core.country",
        "pk": "ID"
    },
    {
        "fields": {
            "name": "Ireland"
        },
        "model": "jobtrak_core.country",
        "pk": "IE"
    },
    {
        "fields": {
            "name": "Israel"
        },
        "model": "jobtrak_core.country",
        "pk": "IL"
    },
    {
        "fields": {
            "name": "Isle of Man"
        },
        "model": "jobtrak_core.country",
        "pk": "IM"
    },
    {
        "fields": {
            "name": "India"
        },
        "model": "jobtrak_core.country",
        "pk": "IN"
    },
    {
        "fields": {
            "name": "British Indian Ocean Territory, The"
        },
        "model": "jobtrak_core.country",
        "pk": "IO"
    },
    {
        "fields": {
            "name": "Iraq"
        },
        "model": "jobtrak_core.country",
        "pk": "IQ"
    },
    {
        "fields": {
            "name": "Iran (Islamic Republic of)"
        },
        "model": "jobtrak_core.country",
        "pk": "IR"
    },
    {
        "fields": {
            "name": "Iceland"
        },
        "model": "jobtrak_core.country",
        "pk": "IS"
    },
    {
        "fields": {
            "name": "Italy"
        },
        "model": "jobtrak_core.country",
        "pk": "IT"
    },
    {
        "fields": {
            "name": "Jersey"
        },
        "model": "jobtrak_core.country",
        "pk": "JE"
    },
    {
        "fields": {
            "name": "Jamaica"
        },
        "model": "jobtrak_core.country",
        "pk": "JM"
    },
    {
        "fields": {
            "name": "Jordan"
        },
        "model": "jobtrak_core.country",
        "pk": "JO"
    },
    {
        "fields": {
            "name": "Japan"
        },
        "model": "jobtrak_core.country",
        "pk": "JP"
    },
    {
        "fields": {
            "name": "Kenya"
        },
        "model": "jobtrak_core.country",
        "pk": "KE"
    },
    {
        "fields": {
            "name": "Kyrgyzstan"
        },
        "model": "jobtrak_core.country",
        "pk": "KG"
    },
    {
        "fields": {
            "name": "Cambodia"
        },
        "model": "jobtrak_core.country",
        "pk": "KH"
    },
    {
        "fields": {
            "name": "Kiribati"
        },
        "model": "jobtrak_core.country",
        "pk": "KI"
    },
    {
        "fields": {
            "name": "Comoros, The"
        },
        "model": "jobtrak_core.country",
        "pk": "KM"
    },
    {
        "fields": {
            "name": "Saint Kitts and Nevis"
        },
        "model": "jobtrak_core.country",
        "pk": "KN"
    },
    {
        "fields": {
            "name": "Korea (the Democratic People's Republic of)"
        },
        "model": "jobtrak_core.country",
        "pk": "KP"
    },
    {
        "fields": {
            "name": "Korea (the Republic of)"
        },
        "model": "jobtrak_core.country",
        "pk": "KR"
    },
    {
        "fields": {
            "name": "Kuwait"
        },
        "model": "jobtrak_core.country",
        "pk": "KW"
    },
    {
        "fields": {
            "name": "Cayman Islands, The"
        },
        "model": "jobtrak_core.country",
        "pk": "KY"
    },
    {
        "fields": {
            "name": "Kazakhstan"
        },
        "model": "jobtrak_core.country",
        "pk": "KZ"
    },
    {
        "fields": {
            "name": "Lao People's Democratic Republic, The"
        },
        "model": "jobtrak_core.country",
        "pk": "LA"
    },
    {
        "fields": {
            "name": "Lebanon"
        },
        "model": "jobtrak_core.country",
        "pk": "LB"
    },
    {
        "fields": {
            "name": "Saint Lucia"
        },
        "model": "jobtrak_core.country",
        "pk": "LC"
    },
    {
        "fields": {
            "name": "Liechtenstein"
        },
        "model": "jobtrak_core.country",
        "pk": "LI"
    },
    {
        "fields": {
            "name": "Sri Lanka"
        },
        "model": "jobtrak_core.country",
        "pk": "LK"
    },
    {
        "fields": {
            "name": "Liberia"
        },
        "model": "jobtrak_core.country",
        "pk": "LR"
    },
    {
        "fields": {
            "name": "Lesotho"
        },
        "model": "jobtrak_core.country",
        "pk": "LS"
    },
    {
        "fields": {
            "name": "Lithuania"
        },
        "model": "jobtrak_core.country",
        "pk": "LT"
    },
    {
        "fields": {
            "name": "Luxembourg"
        },
        "model": "jobtrak_core.country",
        "pk": "LU"
    },
    {
        "fields": {
            "name": "Latvia"
        },
        "model": "jobtrak_core.country",
        "pk": "LV"
    },
    {
        "fields": {
            "name": "Libya"
        },
        "model": "jobtrak_core.country",
        "pk": "LY"
    },
    {
        "fields": {
            "name": "Morocco"
        },
        "model": "jobtrak_core.country",
        "pk": "MA"
    },
    {
        "fields": {
            "name": "Monaco"
        },
        "model": "jobtrak_core.country",
        "pk": "MC"
    },
    {
        "fields": {
            "name": "Moldova (the Republic of)"
        },
        "model": "jobtrak_core.country",
        "pk": "MD"
    },
    {
        "fields": {
            "name": "Montenegro"
        },
        "model": "jobtrak_core.country",
        "pk": "ME"
    },
    {
        "fields": {
            "name": "Saint Martin (French part)"
        },
        "model": "jobtrak_core.country",
        "pk": "MF"
    },
    {
        "fields": {
            "name": "Madagascar"
        },
        "model": "jobtrak_core.country",
        "pk": "MG"
    },
    {
        "fields": {
            "name": "Marshall Islands, The"
        },
        "model": "jobtrak_core.country",
        "pk": "MH"
    },
    {
        "fields": {
            "name": "Macedonia (the former Yugoslav Republic of)"
        },
        "model": "jobtrak_core.country",
        "pk": "MK"
    },
    {
        "fields": {
            "name": "Mali"
        },
        "model": "jobtrak_core.country",
        "pk": "ML"
    },
    {
        "fields": {
            "name": "Myanmar"
        },
        "model": "jobtrak_core.country",
        "pk": "MM"
    },
    {
        "fields": {
            "name": "Mongolia"
        },
        "model": "jobtrak_core.country",
        "pk": "MN"
    },
    {
        "fields": {
            "name": "Macao"
        },
        "model": "jobtrak_core.country",
        "pk": "MO"
    },
    {
        "fields": {
            "name": "Northern Mariana Islands, The"
        },
        "model": "jobtrak_core.country",
        "pk": "MP"
    },
    {
        "fields": {
            "name": "Martinique"
        },
        "model": "jobtrak_core.country",
        "pk": "MQ"
    },
    {
        "fields": {
            "name": "Mauritania"
        },
        "model": "jobtrak_core.country",
        "pk": "MR"
    },
    {
        "fields": {
            "name": "Montserrat"
        },
        "model": "jobtrak_core.country",
        "pk": "MS"
    },
    {
        "fields": {
            "name": "Malta"
        },
        "model": "jobtrak_core.country",
        "pk": "MT"
    },
    {
        "fields": {
            "name": "Mauritius"
        },
        "model": "jobtrak_core.country",
        "pk": "MU"
    },
    {
        "fields": {
            "name": "Maldives"
        },
        "model": "jobtrak_core.country",
        "pk": "MV"
    },
    {
        "fields": {
            "name": "Malawi"
        },
        "model": "jobtrak_core.country",
        "pk": "MW"
    },
    {
        "fields": {
            "name": "Mexico"
        },
        "model": "jobtrak_core.country",
        "pk": "MX"
    },
    {
        "fields": {
            "name": "Malaysia"
        },
        "model": "jobtrak_core.country",
        "pk": "MY"
    },
    {
        "fields": {
            "name": "Mozambique"
        },
        "model": "jobtrak_core.country",
        "pk": "MZ"
    },
    {
        "fields": {
            "name": "Namibia"
        },
        "model": "jobtrak_core.country",
        "pk": "NA"
    },
    {
        "fields": {
            "name": "New Caledonia"
        },
        "model": "jobtrak_core.country",
        "pk": "NC"
    },
    {
        "fields": {
            "name": "Niger, The"
        },
        "model": "jobtrak_core.country",
        "pk": "NE"
    },
    {
        "fields": {
            "name": "Norfolk Island"
        },
        "model": "jobtrak_core.country",
        "pk": "NF"
    },
    {
        "fields": {
            "name": "Nigeria"
        },
        "model": "jobtrak_core.country",
        "pk": "NG"
    },
    {
        "fields": {
            "name": "Nicaragua"
        },
        "model": "jobtrak_core.country",
        "pk": "NI"
    },
    {
        "fields": {
            "name": "Netherlands, The"
        },
        "model": "jobtrak_core.country",
        "pk": "NL"
    },
    {
        "fields": {
            "name": "Norway"
        },
        "model": "jobtrak_core.country",
        "pk": "NO"
    },
    {
        "fields": {
            "name": "Nepal"
        },
        "model": "jobtrak_core.country",
        "pk": "NP"
    },
    {
        "fields": {
            "name": "Nauru"
        },
        "model": "jobtrak_core.country",
        "pk": "NR"
    },
    {
        "fields": {
            "name": "Niue"
        },
        "model": "jobtrak_core.country",
        "pk": "NU"
    },
    {
        "fields": {
            "name": "New Zealand"
        },
        "model": "jobtrak_core.country",
        "pk": "NZ"
    },
    {
        "fields": {
            "name": "Oman"
        },
        "model": "jobtrak_core.country",
        "pk": "OM"
    },
    {
        "fields": {
            "name": "Panama"
        },
        "model": "jobtrak_core.country",
        "pk": "PA"
    },
    {
        "fields": {
            "name": "Peru"
        },
        "model": "jobtrak_core.country",
        "pk": "PE"
    },
    {
        "fields": {
            "name": "French Polynesia"
        },
        "model": "jobtrak_core.country",
        "pk": "PF"
    },
    {
        "fields": {
            "name": "Papua New Guinea"
        },
        "model": "jobtrak_core.country",
        "pk": "PG"
    },
    {
        "fields": {
            "name": "Philippines, The"
        },
        "model": "jobtrak_core.country",
        "pk": "PH"
    },
    {
        "fields": {
            "name": "Pakistan"
        },
        "model": "jobtrak_core.country",
        "pk": "PK"
    },
    {
        "fields": {
            "name": "Poland"
        },
        "model": "jobtrak_core.country",
        "pk": "PL"
    },
    {
        "fields": {
            "name": "Saint Pierre and Miquelon"
        },
        "model": "jobtrak_core.country",
        "pk": "PM"
    },
    {
        "fields": {
            "name": "Pitcairn"
        },
        "model": "jobtrak_core.country",
        "pk": "PN"
    },
    {
        "fields": {
            "name": "Puerto Rico"
        },
        "model": "jobtrak_core.country",
        "pk": "PR"
    },
    {
        "fields": {
            "name": "Palestine, State of"
        },
        "model": "jobtrak_core.country",
        "pk": "PS"
    },
    {
        "fields": {
            "name": "Portugal"
        },
        "model": "jobtrak_core.country",
        "pk": "PT"
    },
    {
        "fields": {
            "name": "Palau"
        },
        "model": "jobtrak_core.country",
        "pk": "PW"
    },
    {
        "fields": {
            "name": "Paraguay"
        },
        "model": "jobtrak_core.country",
        "pk": "PY"
    },
    {
        "fields": {
            "name": "Qatar"
        },
        "model": "jobtrak_core.country",
        "pk": "QA"
    },
    {
        "fields": {
            "name": "R\u00e9union"
        },
        "model": "jobtrak_core.country",
        "pk": "RE"
    },
    {
        "fields": {
            "name": "Romania"
        },
        "model": "jobtrak_core.country",
        "pk": "RO"
    },
    {
        "fields": {
            "name": "Serbia"
        },
        "model": "jobtrak_core.country",
        "pk": "RS"
    },
    {
        "fields": {
            "name": "Russian Federation, The"
        },
        "model": "jobtrak_core.country",
        "pk": "RU"
    },
    {
        "fields": {
            "name": "Rwanda"
        },
        "model": "jobtrak_core.country",
        "pk": "RW"
    },
    {
        "fields": {
            "name": "Saudi Arabia"
        },
        "model": "jobtrak_core.country",
        "pk": "SA"
    },
    {
        "fields": {
            "name": "Solomon Islands"
        },
        "model": "jobtrak_core.country",
        "pk": "SB"
    },
    {
        "fields": {
            "name": "Seychelles"
        },
        "model": "jobtrak_core.country",
        "pk": "SC"
    },
    {
        "fields": {
            "name": "Sudan, The"
        },
        "model": "jobtrak_core.country",
        "pk": "SD"
    },
    {
        "fields": {
            "name": "Sweden"
        },
        "model": "jobtrak_core.country",
        "pk": "SE"
    },
    {
        "fields": {
            "name": "Singapore"
        },
        "model": "jobtrak_core.country",
        "pk": "SG"
    },
    {
        "fields": {
            "name": "Saint Helena, Ascension and Tristan da Cunha"
        },
        "model": "jobtrak_core.country",
        "pk": "SH"
    },
    {
        "fields": {
            "name": "Slovenia"
        },
        "model": "jobtrak_core.country",
        "pk": "SI"
    },
    {
        "fields": {
            "name": "Svalbard and Jan Mayen"
        },
        "model": "jobtrak_core.country",
        "pk": "SJ"
    },
    {
        "fields": {
            "name": "Slovakia"
        },
        "model": "jobtrak_core.country",
        "pk": "SK"
    },
    {
        "fields": {
            "name": "Sierra Leone"
        },
        "model": "jobtrak_core.country",
        "pk": "SL"
    },
    {
        "fields": {
            "name": "San Marino"
        },
        "model": "jobtrak_core.country",
        "pk": "SM"
    },
    {
        "fields": {
            "name": "Senegal"
        },
        "model": "jobtrak_core.country",
        "pk": "SN"
    },
    {
        "fields": {
            "name": "Somalia"
        },
        "model": "jobtrak_core.country",
        "pk": "SO"
    },
    {
        "fields": {
            "name": "Suriname"
        },
        "model": "jobtrak_core.country",
        "pk": "SR"
    },
    {
        "fields": {
            "name": "South Sudan"
        },
        "model": "jobtrak_core.country",
        "pk": "SS"
    },
    {
        "fields": {
            "name": "Sao Tome and Principe"
        },
        "model": "jobtrak_core.country",
        "pk": "ST"
    },
    {
        "fields": {
            "name": "El Salvador"
        },
        "model": "jobtrak_core.country",
        "pk": "SV"
    },
    {
        "fields": {
            "name": "Sint Maarten (Dutch part)"
        },
        "model": "jobtrak_core.country",
        "pk": "SX"
    },
    {
        "fields": {
            "name": "Syrian Arab Republic"
        },
        "model": "jobtrak_core.country",
        "pk": "SY"
    },
    {
        "fields": {
            "name": "Swaziland"
        },
        "model": "jobtrak_core.country",
        "pk": "SZ"
    },
    {
        "fields": {
            "name": "Turks and Caicos Islands, The"
        },
        "model": "jobtrak_core.country",
        "pk": "TC"
    },
    {
        "fields": {
            "name": "Chad"
        },
        "model": "jobtrak_core.country",
        "pk": "TD"
    },
    {
        "fields": {
            "name": "French Southern Territories, The"
        },
        "model": "jobtrak_core.country",
        "pk": "TF"
    },
    {
        "fields": {
            "name": "Togo"
        },
        "model": "jobtrak_core.country",
        "pk": "TG"
    },
    {
        "fields": {
            "name": "Thailand"
        },
        "model": "jobtrak_core.country",
        "pk": "TH"
    },
    {
        "fields": {
            "name": "Tajikistan"
        },
        "model": "jobtrak_core.country",
        "pk": "TJ"
    },
    {
        "fields": {
            "name": "Tokelau"
        },
        "model": "jobtrak_core.country",
        "pk": "TK"
    },
    {
        "fields": {
            "name": "Timor-Leste"
        },
        "model": "jobtrak_core.country",
        "pk": "TL"
    },
    {
        "fields": {
            "name": "Turkmenistan"
        },
        "model": "jobtrak_core.country",
        "pk": "TM"
    },
    {
        "fields": {
            "name": "Tunisia"
        },
        "model": "jobtrak_core.country",
        "pk": "TN"
    },
    {
        "fields": {
            "name": "Tonga"
        },
        "model": "jobtrak_core.country",
        "pk": "TO"
    },
    {
        "fields": {
            "name": "Turkey"
        },
        "model": "jobtrak_core.country",
        "pk": "TR"
    },
    {
        "fields": {
            "name": "Trinidad and Tobago"
        },
        "model": "jobtrak_core.country",
        "pk": "TT"
    },
    {
        "fields": {
            "name": "Tuvalu"
        },
        "model": "jobtrak_core.country",
        "pk": "TV"
    },
    {
        "fields": {
            "name": "Taiwan (Province of China)"
        },
        "model": "jobtrak_core.country",
        "pk": "TW"
    },
    {
        "fields": {
            "name": "Tanzania, United Republic of"
        },
        "model": "jobtrak_core.country",
        "pk": "TZ"
    },
    {
        "fields": {
            "name": "Ukraine"
        },
        "model": "jobtrak_core.country",
        "pk": "UA"
    },
    {
        "fields": {
            "name": "Uganda"
        },
        "model": "jobtrak_core.country",
        "pk": "UG"
    },
    {
        "fields": {
            "name": "United States Minor Outlying Islands, The"
        },
        "model": "jobtrak_core.country",
        "pk": "UM"
    },
    {
        "fields": {
            "name": "United States of America, The"
        },
        "model": "jobtrak_core.country",
        "pk": "US"
    },
    {
        "fields": {
            "name": "Uruguay"
        },
        "model": "jobtrak_core.country",
        "pk": "UY"
    },
    {
        "fields": {
            "name": "Uzbekistan"
        },
        "model": "jobtrak_core.country",
        "pk": "UZ"
    },
    {
        "fields": {
            "name": "Holy See, The"
        },
        "model": "jobtrak_core.country",
        "pk": "VA"
    },
    {
        "fields": {
            "name": "Saint Vincent and the Grenadines"
        },
        "model": "jobtrak_core.country",
        "pk": "VC"
    },
    {
        "fields": {
            "name": "Venezuela (Bolivarian Republic of)"
        },
        "model": "jobtrak_core.country",
        "pk": "VE"
    },
    {
        "fields": {
            "name": "Virgin Islands (British)"
        },
        "model": "jobtrak_core.country",
        "pk": "VG"
    },
    {
        "fields": {
            "name": "Virgin Islands (U.S.)"
        },
        "model": "jobtrak_core.country",
        "pk": "VI"
    },
    {
        "fields": {
            "name": "Viet Nam"
        },
        "model": "jobtrak_core.country",
        "pk": "VN"
    },
    {
        "fields": {
            "name": "Vanuatu"
        },
        "model": "jobtrak_core.country",
        "pk": "VU"
    },
    {
        "fields": {
            "name": "Wallis and Futuna"
        },
        "model": "jobtrak_core.country",
        "pk": "WF"
    },
    {
        "fields": {
            "name": "Samoa"
        },
        "model": "jobtrak_core.country",
        "pk": "WS"
    },
    {
        "fields": {
            "name": "Yemen"
        },
        "model": "jobtrak_core.country",
        "pk": "YE"
    },
    {
        "fields": {
            "name": "Mayotte"
        },
        "model": "jobtrak_core.country",
        "pk": "YT"
    },
    {
        "fields": {
            "name": "South Africa"
        },
        "model": "jobtrak_core.country",
        "pk": "ZA"
    },
    {
        "fields": {
            "name": "Zambia"
        },
        "model": "jobtrak_core.country",
        "pk": "ZM"
    },
    {
        "fields": {
            "name": "Zimbabwe"
        },
        "model": "jobtrak_core.country",
        "pk": "ZW"
    },
    {
        "fields": {
            "address_line1": "1 Infinite Loop",
            "address_line2": "",
            "city": "Cupertino",
            "country": "US",
            "postal_code": "95014",
            "state_province": "CA"
        },
        "model": "jobtrak_core.address",
        "pk": 1
    },
    {
        "fields": {
            "address_line1": "104 Fifth Avenue",
            "address_line2": "",
            "city": "New York",
            "country": "US",
            "postal_code": "10011",
            "state_province": "NY"
        },
        "model": "jobtrak_core.address",
        "pk": 2
    },
    {
        "fields": {
            "address_line1": "Kumbarac\u0131 Yokusu No:50 Kat:4",
            "address_line2": "Beyo\u011flu",
            "city": "\u0130stanbul",
            "country": "TR",
            "postal_code": "34433",
            "state_province": ""
        },
        "model": "jobtrak_core.address",
        "pk": 3
    },
    {
        "fields": {
            "address_line1": "Friedrichstrasse 210",
            "address_line2": "",
            "city": "Berlin",
            "country": "DE",
            "postal_code": "10969",
            "state_province": ""
        },
        "model": "jobtrak_core.address",
        "pk": 4
    },
    {
        "fields": {
            "address_line1": "Aleksanterinkatu 21 H",
            "address_line2": "",
            "city": "Helsinki",
            "country": "FI",
            "postal_code": "00100",
            "state_province": ""
        },
        "model": "jobtrak_core.address",
        "pk": 5
    },
    {
        "fields": {
            "address_line1": "19 Margaret Street",
            "address_line2": "",
            "city": "London",
            "country": "GB",
            "postal_code": "W1W 8RR",
            "state_province": "GB"
        },
        "model": "jobtrak_core.address",
        "pk": 6
    },
    {
        "fields": {
            "address_line1": "S\u00e1nchez Bustillo, 7",
            "address_line2": "",
            "city": "Madrid",
            "country": "ES",
            "postal_code": "28012",
            "state_province": ""
        },
        "model": "jobtrak_core.address",
        "pk": 7
    },
    {
        "fields": {
            "address_line1": "3 West 18th St, 8th Fl",
            "address_line2": "",
            "city": "New York",
            "country": "US",
            "postal_code": "10011",
            "state_province": "NY"
        },
        "model": "jobtrak_core.address",
        "pk": 8
    },
    {
        "fields": {
            "address_line1": "30, rue R\u00e9aumur",
            "address_line2": "",
            "city": "Paris",
            "country": "FR",
            "postal_code": "75003",
            "state_province": ""
        },
        "model": "jobtrak_core.address",
        "pk": 9
    },
    {
        "fields": {
            "address_line1": "291 Geary St, Ste 710",
            "address_line2": "",
            "city": "San Francisco",
            "country": "US",
            "postal_code": "94102",
            "state_province": "CA"
        },
        "model": "jobtrak_core.address",
        "pk": 10
    },
    {
        "fields": {
            "address_line1": "Kungstengaten 23",
            "address_line2": "",
            "city": "Stockholm",
            "country": "SE",
            "postal_code": "113 57",
            "state_province": ""
        },
        "model": "jobtrak_core.address",
        "pk": 11
    },
    {
        "fields": {
            "address_line1": "Mecidiyek\u00f6y Mah. O\u011fuz Sok.",
            "address_line2": "R\u00f6nesans Mecidiyek\u00f6y Plaza No:1 K:1 D:11",
            "city": "\u015ei\u015fli / \u0130stanbul",
            "country": "TR",
            "postal_code": "34387",
            "state_province": ""
        },
        "model": "jobtrak_core.address",
        "pk": 12
    },
    {
        "fields": {
            "address_line1": "T. Cemal beriker Bul.",
            "address_line2": "Gizerler \u0130\u015f Mer K:6/16-17",
            "city": "Seyhan - Adana",
            "country": "TR",
            "postal_code": "",
            "state_province": ""
        },
        "model": "jobtrak_core.address",
        "pk": 13
    },
    {
        "fields": {
            "address_line1": "757 3rd Av, Ste 1202",
            "address_line2": "",
            "city": "New York",
            "country": "US",
            "postal_code": "10017",
            "state_province": "NY"
        },
        "model": "jobtrak_core.address",
        "pk": 14
    },
    {
        "fields": {
            "name": "Hiring Company"
        },
        "model": "jobtrak_core.companytype",
        "pk": 1
    },
    {
        "fields": {
            "name": "Recruiting Agency"
        },
        "model": "jobtrak_core.companytype",
        "pk": 2
    },
    {
        "fields": {
            "name": "Other"
        },
        "model": "jobtrak_core.companytype",
        "pk": 3
    },
    {
        "fields": {
            "company_type": [
                1
            ],
            "name": "Apple, Inc.",
            "note": ""
        },
        "model": "jobtrak_core.company",
        "pk": 1
    },
    {
        "fields": {
            "company_type": [
                1
            ],
            "name": "Fjord / Accenture Digital",
            "note": "We make complex systems simple and elegant. Fjord has been pioneering service design since we opened our doors in 2001. Together with our clients, we\u2019ve created services that make millions of people\u2019s lives a little better every day. \u0003\u0003We\u2019re human-centered, with an eye on disrupting whole industries. And now, as part of Accenture Interactive, we can broaden our reach even further."
        },
        "model": "jobtrak_core.company",
        "pk": 2
    },
    {
        "fields": {
            "company_type": [
                2
            ],
            "name": "Craig Cooper & Co.",
            "note": "Recruiter based in London. Initial contact for Fjord."
        },
        "model": "jobtrak_core.company",
        "pk": 3
    },
    {
        "fields": {
            "company_type": [
                2
            ],
            "name": "Manpower",
            "note": ""
        },
        "model": "jobtrak_core.company",
        "pk": 4
    },
    {
        "fields": {
            "company_type": [
                1
            ],
            "name": "Amazon",
            "note": ""
        },
        "model": "jobtrak_core.company",
        "pk": 5
    },
    {
        "fields": {
            "company_type": [
                3
            ],
            "name": "A&B Hukuk B\u00fcrosu",
            "note": "Legal firm for Manpower Istanbul, handles legal issues for hiring for Fjord."
        },
        "model": "jobtrak_core.company",
        "pk": 6
    },
    {
        "fields": {
            "company_type": [
                2
            ],
            "name": "TEK Systems",
            "note": ""
        },
        "model": "jobtrak_core.company",
        "pk": 7
    },
    {
        "fields": {
            "company_type": [
                2
            ],
            "name": "Synergy Interactive Solutions",
            "note": ""
        },
        "model": "jobtrak_core.company",
        "pk": 8
    },
    {
        "fields": {
            "address": 1,
            "company": 1,
            "name": "HQ",
            "note": null
        },
        "model": "jobtrak_core.companylocation",
        "pk": 1
    },
    {
        "fields": {
            "address": 2,
            "company": 1,
            "name": "NYC (iAd)",
            "note": null
        },
        "model": "jobtrak_core.companylocation",
        "pk": 2
    },
    {
        "fields": {
            "address": 3,
            "company": 2,
            "name": "\u0130stanbul Studio",
            "note": "Turkey is one of the fastest-growing economies in Europe; the communications and consumer electronics sectors are thriving. Fjord\u2019s work with banking giant Garanti and mobile operator Turkcell has positioned us at the heart of this dynamic change."
        },
        "model": "jobtrak_core.companylocation",
        "pk": 3
    },
    {
        "fields": {
            "address": 4,
            "company": 2,
            "name": "Berlin Studio",
            "note": "Fjord Berlin opened in 2007, and was quickly established as one of the city\u2019s most innovative digital agencies. We\u2019re one part spreadsheet, two parts creative plus a sprinkle of storytelling, and in one of Europe\u2019s most dynamic cities the pace of change is faster than ever."
        },
        "model": "jobtrak_core.companylocation",
        "pk": 4
    },
    {
        "fields": {
            "address": 5,
            "company": 2,
            "name": "Helsinki Studio",
            "note": "Fjord Helsinki opened in 2003. With offices in the very centre of the city, we\u2019ve established a formidable reputation as one of the top digital design agencies in the Nordic region."
        },
        "model": "jobtrak_core.companylocation",
        "pk": 5
    },
    {
        "fields": {
            "address": 6,
            "company": 2,
            "name": "London Studio",
            "note": "Fjord London was founded in 2001. The office today employs some of the most experienced and talented digital design specialists in the market, and is working on leading projects for UK and international clients."
        },
        "model": "jobtrak_core.companylocation",
        "pk": 6
    },
    {
        "fields": {
            "address": 7,
            "company": 2,
            "name": "Madrid Studio",
            "note": "Fjord Spain opened in Madrid in late 2009, and since then we\u2019ve been captivating leading brands in Spain and Latin America like Telefonica, BBVA and Globo with our transformative design. We have even been described as the Barcelona FC of the Spanish design industry."
        },
        "model": "jobtrak_core.companylocation",
        "pk": 7
    },
    {
        "fields": {
            "address": 8,
            "company": 2,
            "name": "New York Studio",
            "note": "Fjord New York has been on the scene since 2009, and rapidly established itself the secret weapon of design and innovation for clients like Citibank, ESPN, Harvard Medical School, and Qualcomm. Located in New York\u2019s Flatiron neighborhood, the studio is a foodie\u2019s dream\u2014we\u2019re right next door to the City Bakery and 5th Avenue\u2019s regular line up of local gourmet food trucks."
        },
        "model": "jobtrak_core.companylocation",
        "pk": 8
    },
    {
        "fields": {
            "address": 9,
            "company": 2,
            "name": "Paris Studio",
            "note": "Fjord Paris opened in 2012. Our office is not just located in the heart of the city: we are in fact facing the Conservatoire National d\u2019Arts et M\u00e9tiers, arguably France\u2019s first-ever design education institution."
        },
        "model": "jobtrak_core.companylocation",
        "pk": 9
    },
    {
        "fields": {
            "address": 10,
            "company": 2,
            "name": "San Francisco Studio",
            "note": "Fjord San Francisco opened its doors in 2011 and has quickly grown to become our West Coast hub for working with the Bay Area\u2019s most innovative companies. Overlooking Union Square in the heart of downtown SF, the studio is home to an eclectic mix of designers, artists, marathon runners, tech nerds, and foodies."
        },
        "model": "jobtrak_core.companylocation",
        "pk": 10
    },
    {
        "fields": {
            "address": 11,
            "company": 2,
            "name": "Stockholm Studio",
            "note": "Fjord Stockholm opened in June 2011 and we are located in the very centre of the city. We totally rock! We do amazing work in the telecoms, media and finance sectors and look forward to meeting you soon!"
        },
        "model": "jobtrak_core.companylocation",
        "pk": 11
    },
    {
        "fields": {
            "address": null,
            "company": 3,
            "name": "HQ",
            "note": ""
        },
        "model": "jobtrak_core.companylocation",
        "pk": 12
    },
    {
        "fields": {
            "address": 12,
            "company": 4,
            "name": "\u0130stanbul",
            "note": "Handles temp needs for Fjord in Istanbul"
        },
        "model": "jobtrak_core.companylocation",
        "pk": 13
    },
    {
        "fields": {
            "address": null,
            "company": 5,
            "name": "HQ",
            "note": ""
        },
        "model": "jobtrak_core.companylocation",
        "pk": 14
    },
    {
        "fields": {
            "address": 13,
            "company": 6,
            "name": "HQ",
            "note": ""
        },
        "model": "jobtrak_core.companylocation",
        "pk": 15
    },
    {
        "fields": {
            "address": 14,
            "company": 7,
            "name": "NYC",
            "note": ""
        },
        "model": "jobtrak_core.companylocation",
        "pk": 16
    },
    {
        "fields": {
            "address": null,
            "company": 8,
            "name": "HQ",
            "note": ""
        },
        "model": "jobtrak_core.companylocation",
        "pk": 17
    },
    {
        "fields": {
            "name": "Recruiter (Internal)"
        },
        "model": "jobtrak_core.contacttype",
        "pk": 1
    },
    {
        "fields": {
            "name": "Recruiter (External)"
        },
        "model": "jobtrak_core.contacttype",
        "pk": 2
    },
    {
        "fields": {
            "name": "Corporate HR"
        },
        "model": "jobtrak_core.contacttype",
        "pk": 3
    },
    {
        "fields": {
            "name": "Employee"
        },
        "model": "jobtrak_core.contacttype",
        "pk": 5
    },
    {
        "fields": {
            "name": "Vendor"
        },
        "model": "jobtrak_core.contacttype",
        "pk": 6
    },
    {
        "fields": {
            "birthday": "1981-10-29",
            "company": 3,
            "contact_type": 5,
            "email_address": "canay.atalay@fjordnet.com",
            "first_name": "Canay",
            "last_name": "Atalay",
            "mobile_tel": "",
            "note": "",
            "office_fax": "",
            "office_tel": "+902122937358",
            "title": "Studio Lead"
        },
        "model": "jobtrak_core.contact",
        "pk": 1
    },
    {
        "fields": {
            "birthday": null,
            "company": 3,
            "contact_type": 5,
            "email_address": "cagsun.acemoglu@fjordnet.com",
            "first_name": "\u00c7a\u011fsun",
            "last_name": "Acemo\u011flu",
            "mobile_tel": "",
            "note": "",
            "office_fax": "",
            "office_tel": "",
            "title": "Project Manager"
        },
        "model": "jobtrak_core.contact",
        "pk": 2
    },
    {
        "fields": {
            "birthday": "1982-01-17",
            "company": 5,
            "contact_type": 5,
            "email_address": "",
            "first_name": "Ceyhun",
            "last_name": "Cetinkaya",
            "mobile_tel": "",
            "note": "",
            "office_fax": "",
            "office_tel": "",
            "title": "Project Manager"
        },
        "model": "jobtrak_core.contact",
        "pk": 3
    },
    {
        "fields": {
            "birthday": null,
            "company": 12,
            "contact_type": 2,
            "email_address": "pcc@craigcooperandco.com",
            "first_name": "Peter",
            "last_name": "Craig-Cooper",
            "mobile_tel": "+447969444962",
            "note": "",
            "office_fax": "",
            "office_tel": "+442071939180",
            "title": "Recruiter"
        },
        "model": "jobtrak_core.contact",
        "pk": 4
    },
    {
        "fields": {
            "birthday": "2999-06-08",
            "company": 3,
            "contact_type": 5,
            "email_address": "",
            "first_name": "Ezgi",
            "last_name": "Dikdur D\u00fcztepe",
            "mobile_tel": "",
            "note": "",
            "office_fax": "",
            "office_tel": "",
            "title": "Sr Service Designer"
        },
        "model": "jobtrak_core.contact",
        "pk": 5
    },
    {
        "fields": {
            "birthday": null,
            "company": 3,
            "contact_type": 5,
            "email_address": "",
            "first_name": "Pinar",
            "last_name": "Eren",
            "mobile_tel": "",
            "note": "",
            "office_fax": "",
            "office_tel": "",
            "title": "Office Manager"
        },
        "model": "jobtrak_core.contact",
        "pk": 6
    },
    {
        "fields": {
            "birthday": null,
            "company": 13,
            "contact_type": 6,
            "email_address": "gokhan.gurboy@manpower.com.tr",
            "first_name": "Gokhan",
            "last_name": "Gurboy",
            "mobile_tel": "",
            "note": "",
            "office_fax": "+902122136763",
            "office_tel": "+902122136777",
            "title": "Payroll Manager"
        },
        "model": "jobtrak_core.contact",
        "pk": 8
    },
    {
        "fields": {
            "birthday": null,
            "company": 15,
            "contact_type": 6,
            "email_address": "nesrintopaloglu@abhukuk.com",
            "first_name": "Nesrin",
            "last_name": "Topalo\u011flu",
            "mobile_tel": "",
            "note": "Consulting Lawyer. Handling work visa",
            "office_fax": "",
            "office_tel": "+903224594900",
            "title": "Avukat / Lawyer"
        },
        "model": "jobtrak_core.contact",
        "pk": 9
    },
    {
        "fields": {
            "birthday": null,
            "company": 15,
            "contact_type": 6,
            "email_address": "mehmetaliakgul@abhukuk.com",
            "first_name": "Mehmet",
            "last_name": "Metaliakg\u00fcl",
            "mobile_tel": "",
            "note": "",
            "office_fax": "",
            "office_tel": "",
            "title": ""
        },
        "model": "jobtrak_core.contact",
        "pk": 10
    },
    {
        "fields": {
            "birthday": null,
            "company": 13,
            "contact_type": 6,
            "email_address": "",
            "first_name": "Ener",
            "last_name": "\u00d6zt\u00fcrk",
            "mobile_tel": "",
            "note": "",
            "office_fax": "",
            "office_tel": "",
            "title": ""
        },
        "model": "jobtrak_core.contact",
        "pk": 11
    },
    {
        "fields": {
            "birthday": null,
            "company": 13,
            "contact_type": 6,
            "email_address": "Busra.Kaya@manpower.com.tr",
            "first_name": "Busra",
            "last_name": "Kaya",
            "mobile_tel": "",
            "note": "",
            "office_fax": "",
            "office_tel": "",
            "title": ""
        },
        "model": "jobtrak_core.contact",
        "pk": 12
    },
    {
        "fields": {
            "birthday": "1977-08-13",
            "company": 3,
            "contact_type": 5,
            "email_address": "",
            "first_name": "Yunus",
            "last_name": "Tunak",
            "mobile_tel": "",
            "note": "Will be direct-peer colleague. Is other SDL.",
            "office_fax": "",
            "office_tel": "",
            "title": ""
        },
        "model": "jobtrak_core.contact",
        "pk": 13
    },
    {
        "fields": {
            "birthday": null,
            "company": 3,
            "contact_type": 5,
            "email_address": "",
            "first_name": "Oli",
            "last_name": "Shaw",
            "mobile_tel": "",
            "note": "",
            "office_fax": "",
            "office_tel": "",
            "title": "Service Design Director"
        },
        "model": "jobtrak_core.contact",
        "pk": 14
    },
    {
        "fields": {
            "birthday": null,
            "company": 16,
            "contact_type": 2,
            "email_address": "bgaspar@teksystems.com",
            "first_name": "Brittania",
            "last_name": "Gaspar",
            "mobile_tel": "+17322723678",
            "note": "",
            "office_fax": "+12063376402",
            "office_tel": "+16464951124",
            "title": "Technical Recruiter"
        },
        "model": "jobtrak_core.contact",
        "pk": 17
    },
    {
        "fields": {
            "birthday": null,
            "company": 16,
            "contact_type": 2,
            "email_address": "",
            "first_name": "Jake",
            "last_name": "Reeves",
            "mobile_tel": "",
            "note": "",
            "office_fax": "",
            "office_tel": "",
            "title": "Recruiter"
        },
        "model": "jobtrak_core.contact",
        "pk": 18
    },
    {
        "fields": {
            "birthday": null,
            "company": 17,
            "contact_type": 2,
            "email_address": "jason@sisnyc.com",
            "first_name": "Jason",
            "last_name": "Allen",
            "mobile_tel": "+16466444802",
            "note": "",
            "office_fax": "",
            "office_tel": "+16464612782",
            "title": "Vice President"
        },
        "model": "jobtrak_core.contact",
        "pk": 19
    },
    {
        "fields": {
            "base_url": "http://twitter.com/",
            "name": "Twitter"
        },
        "model": "jobtrak_core.socialmediatype",
        "pk": 1
    },
    {
        "fields": {
            "base_url": "https://www.facebook.com/",
            "name": "Facebook"
        },
        "model": "jobtrak_core.socialmediatype",
        "pk": 2
    },
    {
        "fields": {
            "base_url": "http://linkedin.com/in/",
            "name": "LinkedIn"
        },
        "model": "jobtrak_core.socialmediatype",
        "pk": 3
    },
    {
        "fields": {
            "base_url": "",
            "name": "Website (Public)"
        },
        "model": "jobtrak_core.socialmediatype",
        "pk": 4
    },
    {
        "fields": {
            "base_url": "http://linkedin.com/profile/view?id=",
            "name": "LinkedIn (ID)"
        },
        "model": "jobtrak_core.socialmediatype",
        "pk": 5
    },
    {
        "fields": {
            "base_url": "",
            "name": "Website (Jobs)"
        },
        "model": "jobtrak_core.socialmediatype",
        "pk": 6
    },
    {
        "fields": {
            "company": null,
            "company_location": null,
            "contact": 1,
            "local_url_data": "canayatalay",
            "social_media_type": 1
        },
        "model": "jobtrak_core.socialmediaaccount",
        "pk": 1
    },
    {
        "fields": {
            "company": null,
            "company_location": null,
            "contact": 1,
            "local_url_data": "DJANAILLE",
            "social_media_type": 2
        },
        "model": "jobtrak_core.socialmediaaccount",
        "pk": 2
    },
    {
        "fields": {
            "company": null,
            "company_location": null,
            "contact": 2,
            "local_url_data": "http://cagsun.com",
            "social_media_type": 4
        },
        "model": "jobtrak_core.socialmediaaccount",
        "pk": 3
    },
    {
        "fields": {
            "company": null,
            "company_location": null,
            "contact": 5,
            "local_url_data": "68448332",
            "social_media_type": 5
        },
        "model": "jobtrak_core.socialmediaaccount",
        "pk": 4
    },
    {
        "fields": {
            "company": null,
            "company_location": null,
            "contact": 2,
            "local_url_data": "195991703",
            "social_media_type": 5
        },
        "model": "jobtrak_core.socialmediaaccount",
        "pk": 5
    },
    {
        "fields": {
            "company": null,
            "company_location": null,
            "contact": 1,
            "local_url_data": "3790419",
            "social_media_type": 5
        },
        "model": "jobtrak_core.socialmediaaccount",
        "pk": 6
    },
    {
        "fields": {
            "company": null,
            "company_location": null,
            "contact": 3,
            "local_url_data": "24985099",
            "social_media_type": 5
        },
        "model": "jobtrak_core.socialmediaaccount",
        "pk": 7
    },
    {
        "fields": {
            "company": null,
            "company_location": null,
            "contact": 6,
            "local_url_data": "173288764",
            "social_media_type": 3
        },
        "model": "jobtrak_core.socialmediaaccount",
        "pk": 8
    },
    {
        "fields": {
            "company": 2,
            "company_location": null,
            "contact": null,
            "local_url_data": "http://fjordnet.com/",
            "social_media_type": 4
        },
        "model": "jobtrak_core.socialmediaaccount",
        "pk": 9
    },
    {
        "fields": {
            "company": 1,
            "company_location": null,
            "contact": null,
            "local_url_data": "http://apple.com/",
            "social_media_type": 4
        },
        "model": "jobtrak_core.socialmediaaccount",
        "pk": 10
    },
    {
        "fields": {
            "company": 5,
            "company_location": null,
            "contact": null,
            "local_url_data": "http://amazon.com",
            "social_media_type": 4
        },
        "model": "jobtrak_core.socialmediaaccount",
        "pk": 11
    },
    {
        "fields": {
            "company": 5,
            "company_location": null,
            "contact": null,
            "local_url_data": "http://amazon.jobs",
            "social_media_type": 6
        },
        "model": "jobtrak_core.socialmediaaccount",
        "pk": 12
    },
    {
        "fields": {
            "company": 7,
            "company_location": null,
            "contact": null,
            "local_url_data": "http://www.teksystems.com/",
            "social_media_type": 4
        },
        "model": "jobtrak_core.socialmediaaccount",
        "pk": 13
    },
    {
        "fields": {
            "name": "Hiring Manager"
        },
        "model": "jobtrak_core.joblistingrole",
        "pk": 1
    },
    {
        "fields": {
            "name": "Recruiter"
        },
        "model": "jobtrak_core.joblistingrole",
        "pk": 2
    },
    {
        "fields": {
            "name": "Vendor"
        },
        "model": "jobtrak_core.joblistingrole",
        "pk": 3
    },
    {
        "fields": {
            "name": "Colleague"
        },
        "model": "jobtrak_core.joblistingrole",
        "pk": 4
    },
    {
        "fields": {
            "name": "New",
            "order_id": 10
        },
        "model": "jobtrak_core.jobstatus",
        "pk": 1
    },
    {
        "fields": {
            "name": "Applied",
            "order_id": 20
        },
        "model": "jobtrak_core.jobstatus",
        "pk": 2
    },
    {
        "fields": {
            "name": "Open/Interviewing",
            "order_id": 30
        },
        "model": "jobtrak_core.jobstatus",
        "pk": 3
    },
    {
        "fields": {
            "name": "Negotiating",
            "order_id": 40
        },
        "model": "jobtrak_core.jobstatus",
        "pk": 4
    },
    {
        "fields": {
            "name": "Closed",
            "order_id": 99
        },
        "model": "jobtrak_core.jobstatus",
        "pk": 5
    },
    {
        "fields": {
            "company": 3,
            "date_posted": "2013-10-15",
            "description": "",
            "name": "Service Design Lead",
            "ref_by": null,
            "sourceURL": null,
            "status": 4
        },
        "model": "jobtrak_core.joblisting",
        "pk": 1
    },
    {
        "fields": {
            "contact": 1,
            "joblisting": 1,
            "note": "Runs Studio",
            "role": 1
        },
        "model": "jobtrak_core.joblistingperson",
        "pk": 8
    },
    {
        "fields": {
            "contact": 8,
            "joblisting": 1,
            "note": "Payroll Manager - Primary Contact",
            "role": 3
        },
        "model": "jobtrak_core.joblistingperson",
        "pk": 9
    },
    {
        "fields": {
            "contact": 9,
            "joblisting": 1,
            "note": "Work Permit Lawyer - Primary ",
            "role": 3
        },
        "model": "jobtrak_core.joblistingperson",
        "pk": 10
    },
    {
        "fields": {
            "contact": 10,
            "joblisting": 1,
            "note": "Work Permit Lawyer",
            "role": 3
        },
        "model": "jobtrak_core.joblistingperson",
        "pk": 11
    },
    {
        "fields": {
            "contact": 11,
            "joblisting": 1,
            "note": "HR Issues",
            "role": 3
        },
        "model": "jobtrak_core.joblistingperson",
        "pk": 12
    },
    {
        "fields": {
            "contact": 12,
            "joblisting": 1,
            "note": "HR Issues",
            "role": 3
        },
        "model": "jobtrak_core.joblistingperson",
        "pk": 13
    },
    {
        "fields": {
            "joblisting": 1,
            "note": "Scheduled time to speak on Monday.",
            "when": "2015-01-23T13:30:00Z",
            "who": 14
        },
        "model": "jobtrak_core.actionhistory",
        "pk": 4
    },
    {
        "fields": {
            "joblisting": null,
            "note": "Organized coffee for Wednesday, 28 Jan at 8:30am as a networking/chat w/ her colleague, Jake Reeves.",
            "when": "2015-01-23T14:00:00Z",
            "who": 17
        },
        "model": "jobtrak_core.actionhistory",
        "pk": 5
    },
    {
        "fields": {
            "joblisting": null,
            "note": "Contacted regarding an open position at Method NYC.",
            "when": "2014-12-05T20:40:00Z",
            "who": 19
        },
        "model": "jobtrak_core.actionhistory",
        "pk": 6
    }
]
